[
  {
    "metadata": {
      "iso_language_code": "in",
      "result_type": "recent"
    },
    "created_at": "Wed Apr 08 23:09:15 +0000 2015",
    "id": 585942511182487600,
    "id_str": "585942511182487552",
    "text": "Adaaa atuh :DRT @Hello_Opik: Emang ada yg mikirin kayul =D iya deuh :p @yuliaalawiyah: Hahah maunya dipikirin aja deh =D emaaang:p RT @Hello",
    "source": "<a href=\"http://dodyagung.com\" rel=\"nofollow\">CitCuit</a>",
    "truncated": false,
    "in_reply_to_status_id": null,
    "in_reply_to_status_id_str": null,
    "in_reply_to_user_id": null,
    "in_reply_to_user_id_str": null,
    "in_reply_to_screen_name": null,
    "user": {
      "id": 1008821964,
      "id_str": "1008821964",
      "name": "yuyii♔♔",
      "screen_name": "yuliaalawiyah",
      "location": "DisneyLand",
      "profile_location": null,
      "description": "lancar UAS, lulus UN, Nilai bagus . Gangecewain semua o:-) amiiiiiin amiiin",
      "url": "http://t.co/04yeRxyRq9",
      "entities": {
        "url": {
          "urls": [
            {
              "url": "http://t.co/04yeRxyRq9",
              "expanded_url": "http://ask.fm/yuliaalawiyah",
              "display_url": "ask.fm/yuliaalawiyah",
              "indices": [
                0,
                22
              ]
            }
          ]
        },
        "description": {
          "urls": []
        }
      },
      "protected": false,
      "followers_count": 670,
      "friends_count": 367,
      "listed_count": 0,
      "created_at": "Thu Dec 13 13:35:45 +0000 2012",
      "favourites_count": 9,
      "utc_offset": 25200,
      "time_zone": "Bangkok",
      "geo_enabled": false,
      "verified": false,
      "statuses_count": 15284,
      "lang": "id",
      "contributors_enabled": false,
      "is_translator": false,
      "is_translation_enabled": false,
      "profile_background_color": "FCEBB6",
      "profile_background_image_url": "http://pbs.twimg.com/profile_background_images/573700181310332928/vqzaV9cI.jpeg",
      "profile_background_image_url_https": "https://pbs.twimg.com/profile_background_images/573700181310332928/vqzaV9cI.jpeg",
      "profile_background_tile": true,
      "profile_image_url": "http://pbs.twimg.com/profile_images/578892540449071104/G1JQ8EHX_normal.jpeg",
      "profile_image_url_https": "https://pbs.twimg.com/profile_images/578892540449071104/G1JQ8EHX_normal.jpeg",
      "profile_banner_url": "https://pbs.twimg.com/profile_banners/1008821964/1426217961",
      "profile_link_color": "F5ABB5",
      "profile_sidebar_border_color": "FFFFFF",
      "profile_sidebar_fill_color": "78C0A8",
      "profile_text_color": "5E412F",
      "profile_use_background_image": true,
      "default_profile": false,
      "default_profile_image": false,
      "following": false,
      "follow_request_sent": false,
      "notifications": false
    },
    "geo": null,
    "coordinates": null,
    "place": null,
    "contributors": null,
    "retweet_count": 0,
    "favorite_count": 0,
    "entities": {
      "hashtags": [],
      "symbols": [],
      "user_mentions": [
        {
          "screen_name": "Hello_Opik",
          "name": "~Al_Thufail~",
          "id": 1056492464,
          "id_str": "1056492464",
          "indices": [
            16,
            27
          ]
        },
        {
          "screen_name": "yuliaalawiyah",
          "name": "yuyii♔♔",
          "id": 1008821964,
          "id_str": "1008821964",
          "indices": [
            71,
            85
          ]
        },
        {
          "screen_name": "hello",
          "name": "Hello",
          "id": 26615742,
          "id_str": "26615742",
          "indices": [
            134,
            140
          ]
        }
      ],
      "urls": []
    },
    "favorited": false,
    "retweeted": false,
    "lang": "in"
  },
  {
    "metadata": {
      "iso_language_code": "und",
      "result_type": "recent"
    },
    "created_at": "Wed Apr 08 21:32:02 +0000 2015",
    "id": 585918045283024900,
    "id_str": "585918045283024896",
    "text": "@hello",
    "source": "<a href=\"http://twitter.com/download/android\" rel=\"nofollow\">Twitter for Android</a>",
    "truncated": false,
    "in_reply_to_status_id": null,
    "in_reply_to_status_id_str": null,
    "in_reply_to_user_id": 26615742,
    "in_reply_to_user_id_str": "26615742",
    "in_reply_to_screen_name": "hello",
    "user": {
      "id": 3121260230,
      "id_str": "3121260230",
      "name": "Anita Okere",
      "screen_name": "okereke1997",
      "location": "",
      "profile_location": null,
      "description": "",
      "url": null,
      "entities": {
        "description": {
          "urls": []
        }
      },
      "protected": false,
      "followers_count": 1,
      "friends_count": 4,
      "listed_count": 0,
      "created_at": "Tue Mar 31 18:45:59 +0000 2015",
      "favourites_count": 1,
      "utc_offset": null,
      "time_zone": null,
      "geo_enabled": false,
      "verified": false,
      "statuses_count": 4,
      "lang": "en",
      "contributors_enabled": false,
      "is_translator": false,
      "is_translation_enabled": false,
      "profile_background_color": "C0DEED",
      "profile_background_image_url": "http://abs.twimg.com/images/themes/theme1/bg.png",
      "profile_background_image_url_https": "https://abs.twimg.com/images/themes/theme1/bg.png",
      "profile_background_tile": false,
      "profile_image_url": "http://pbs.twimg.com/profile_images/585918377123778560/b4a0V7Lz_normal.jpg",
      "profile_image_url_https": "https://pbs.twimg.com/profile_images/585918377123778560/b4a0V7Lz_normal.jpg",
      "profile_link_color": "0084B4",
      "profile_sidebar_border_color": "C0DEED",
      "profile_sidebar_fill_color": "DDEEF6",
      "profile_text_color": "333333",
      "profile_use_background_image": true,
      "default_profile": true,
      "default_profile_image": false,
      "following": false,
      "follow_request_sent": false,
      "notifications": false
    },
    "geo": null,
    "coordinates": null,
    "place": null,
    "contributors": null,
    "retweet_count": 0,
    "favorite_count": 0,
    "entities": {
      "hashtags": [],
      "symbols": [],
      "user_mentions": [
        {
          "screen_name": "hello",
          "name": "Hello",
          "id": 26615742,
          "id_str": "26615742",
          "indices": [
            0,
            6
          ]
        }
      ],
      "urls": []
    },
    "favorited": false,
    "retweeted": false,
    "lang": "und"
  },
  {
    "metadata": {
      "iso_language_code": "en",
      "result_type": "recent"
    },
    "created_at": "Wed Apr 08 21:09:04 +0000 2015",
    "id": 585912267608293400,
    "id_str": "585912267608293377",
    "text": "Sense by @hello understands your sleep and bedroom to help you sleep better #IoT http://t.co/YRgXOevAZd http://t.co/FwdLAu83Fh",
    "source": "<a href=\"http://bufferapp.com\" rel=\"nofollow\">Buffer</a>",
    "truncated": false,
    "in_reply_to_status_id": null,
    "in_reply_to_status_id_str": null,
    "in_reply_to_user_id": null,
    "in_reply_to_user_id_str": null,
    "in_reply_to_screen_name": null,
    "user": {
      "id": 46686796,
      "id_str": "46686796",
      "name": "Juliet Chen",
      "screen_name": "julietchen",
      "location": "London",
      "profile_location": null,
      "description": "Story Voyager @happy_commute @wefyrefly Connecting stories to collaborate for a better world. Cycling is My Salvation. #CX #Marketing #UX #IoT",
      "url": "http://t.co/PML7gYn6WJ",
      "entities": {
        "url": {
          "urls": [
            {
              "url": "http://t.co/PML7gYn6WJ",
              "expanded_url": "http://julietchen.strikingly.com",
              "display_url": "julietchen.strikingly.com",
              "indices": [
                0,
                22
              ]
            }
          ]
        },
        "description": {
          "urls": []
        }
      },
      "protected": false,
      "followers_count": 1938,
      "friends_count": 1763,
      "listed_count": 138,
      "created_at": "Fri Jun 12 16:21:59 +0000 2009",
      "favourites_count": 1862,
      "utc_offset": 3600,
      "time_zone": "London",
      "geo_enabled": false,
      "verified": false,
      "statuses_count": 7375,
      "lang": "en",
      "contributors_enabled": false,
      "is_translator": false,
      "is_translation_enabled": false,
      "profile_background_color": "ACDED6",
      "profile_background_image_url": "http://abs.twimg.com/images/themes/theme18/bg.gif",
      "profile_background_image_url_https": "https://abs.twimg.com/images/themes/theme18/bg.gif",
      "profile_background_tile": false,
      "profile_image_url": "http://pbs.twimg.com/profile_images/509929147783581696/6ALhRQ4b_normal.jpeg",
      "profile_image_url_https": "https://pbs.twimg.com/profile_images/509929147783581696/6ALhRQ4b_normal.jpeg",
      "profile_banner_url": "https://pbs.twimg.com/profile_banners/46686796/1398236988",
      "profile_link_color": "DD2E44",
      "profile_sidebar_border_color": "EEEEEE",
      "profile_sidebar_fill_color": "F6F6F6",
      "profile_text_color": "333333",
      "profile_use_background_image": true,
      "default_profile": false,
      "default_profile_image": false,
      "following": false,
      "follow_request_sent": false,
      "notifications": false
    },
    "geo": null,
    "coordinates": null,
    "place": null,
    "contributors": null,
    "retweet_count": 0,
    "favorite_count": 1,
    "entities": {
      "hashtags": [
        {
          "text": "IoT",
          "indices": [
            76,
            80
          ]
        }
      ],
      "symbols": [],
      "user_mentions": [
        {
          "screen_name": "hello",
          "name": "Hello",
          "id": 26615742,
          "id_str": "26615742",
          "indices": [
            9,
            15
          ]
        }
      ],
      "urls": [
        {
          "url": "http://t.co/YRgXOevAZd",
          "expanded_url": "http://j.mp/1ChHCCk",
          "display_url": "j.mp/1ChHCCk",
          "indices": [
            81,
            103
          ]
        }
      ],
      "media": [
        {
          "id": 585912267486691300,
          "id_str": "585912267486691328",
          "indices": [
            104,
            126
          ],
          "media_url": "http://pbs.twimg.com/media/CCGUGl0WgAAXmYz.jpg",
          "media_url_https": "https://pbs.twimg.com/media/CCGUGl0WgAAXmYz.jpg",
          "url": "http://t.co/FwdLAu83Fh",
          "display_url": "pic.twitter.com/FwdLAu83Fh",
          "expanded_url": "http://twitter.com/julietchen/status/585912267608293377/photo/1",
          "type": "photo",
          "sizes": {
            "small": {
              "w": 340,
              "h": 225,
              "resize": "fit"
            },
            "large": {
              "w": 640,
              "h": 425,
              "resize": "fit"
            },
            "thumb": {
              "w": 150,
              "h": 150,
              "resize": "crop"
            },
            "medium": {
              "w": 600,
              "h": 398,
              "resize": "fit"
            }
          }
        }
      ]
    },
    "favorited": false,
    "retweeted": false,
    "possibly_sensitive": false,
    "lang": "en"
  },
  {
    "metadata": {
      "iso_language_code": "en",
      "result_type": "recent"
    },
    "created_at": "Wed Apr 08 18:58:39 +0000 2015",
    "id": 585879446550229000,
    "id_str": "585879446550228992",
    "text": "@hello power nap feature?",
    "source": "<a href=\"http://tapbots.com/tweetbot\" rel=\"nofollow\">Tweetbot for iΟS</a>",
    "truncated": false,
    "in_reply_to_status_id": null,
    "in_reply_to_status_id_str": null,
    "in_reply_to_user_id": 26615742,
    "in_reply_to_user_id_str": "26615742",
    "in_reply_to_screen_name": "hello",
    "user": {
      "id": 19118532,
      "id_str": "19118532",
      "name": "@blake",
      "screen_name": "blakegraham",
      "location": "Flatland",
      "profile_location": null,
      "description": "Editor/Founder @TheAirspace\nEvil Genius Lover Boy; Eccentric Millionaire; Modern Fool",
      "url": "http://t.co/N5nFjH0NlG",
      "entities": {
        "url": {
          "urls": [
            {
              "url": "http://t.co/N5nFjH0NlG",
              "expanded_url": "http://theairspace.net",
              "display_url": "theairspace.net",
              "indices": [
                0,
                22
              ]
            }
          ]
        },
        "description": {
          "urls": []
        }
      },
      "protected": false,
      "followers_count": 4340,
      "friends_count": 728,
      "listed_count": 11,
      "created_at": "Sat Jan 17 18:23:13 +0000 2009",
      "favourites_count": 6298,
      "utc_offset": -18000,
      "time_zone": "Central Time (US & Canada)",
      "geo_enabled": true,
      "verified": false,
      "statuses_count": 11932,
      "lang": "en",
      "contributors_enabled": false,
      "is_translator": false,
      "is_translation_enabled": false,
      "profile_background_color": "1A1B1F",
      "profile_background_image_url": "http://pbs.twimg.com/profile_background_images/86191439/x60a88b8f4e57fd4e065240a18466ec4.png",
      "profile_background_image_url_https": "https://pbs.twimg.com/profile_background_images/86191439/x60a88b8f4e57fd4e065240a18466ec4.png",
      "profile_background_tile": false,
      "profile_image_url": "http://pbs.twimg.com/profile_images/541522776851775488/MFzrqEZH_normal.jpeg",
      "profile_image_url_https": "https://pbs.twimg.com/profile_images/541522776851775488/MFzrqEZH_normal.jpeg",
      "profile_banner_url": "https://pbs.twimg.com/profile_banners/19118532/1398469980",
      "profile_link_color": "2FC2EF",
      "profile_sidebar_border_color": "181A1E",
      "profile_sidebar_fill_color": "252429",
      "profile_text_color": "666666",
      "profile_use_background_image": false,
      "default_profile": false,
      "default_profile_image": false,
      "following": false,
      "follow_request_sent": false,
      "notifications": false
    },
    "geo": null,
    "coordinates": null,
    "place": null,
    "contributors": null,
    "retweet_count": 0,
    "favorite_count": 0,
    "entities": {
      "hashtags": [],
      "symbols": [],
      "user_mentions": [
        {
          "screen_name": "hello",
          "name": "Hello",
          "id": 26615742,
          "id_str": "26615742",
          "indices": [
            0,
            6
          ]
        }
      ],
      "urls": []
    },
    "favorited": false,
    "retweeted": false,
    "lang": "en"
  },
  {
    "metadata": {
      "iso_language_code": "und",
      "result_type": "recent"
    },
    "created_at": "Wed Apr 08 17:31:56 +0000 2015",
    "id": 585857620948320300,
    "id_str": "585857620948320256",
    "text": "@hello",
    "source": "<a href=\"http://twitter.com/download/android\" rel=\"nofollow\">Twitter for Android</a>",
    "truncated": false,
    "in_reply_to_status_id": null,
    "in_reply_to_status_id_str": null,
    "in_reply_to_user_id": 26615742,
    "in_reply_to_user_id_str": "26615742",
    "in_reply_to_screen_name": "hello",
    "user": {
      "id": 3134827131,
      "id_str": "3134827131",
      "name": "gerson marin",
      "screen_name": "gersonamarin",
      "location": "",
      "profile_location": null,
      "description": "",
      "url": null,
      "entities": {
        "description": {
          "urls": []
        }
      },
      "protected": false,
      "followers_count": 0,
      "friends_count": 12,
      "listed_count": 0,
      "created_at": "Sat Apr 04 19:30:05 +0000 2015",
      "favourites_count": 0,
      "utc_offset": null,
      "time_zone": null,
      "geo_enabled": false,
      "verified": false,
      "statuses_count": 2,
      "lang": "es",
      "contributors_enabled": false,
      "is_translator": false,
      "is_translation_enabled": false,
      "profile_background_color": "C0DEED",
      "profile_background_image_url": "http://abs.twimg.com/images/themes/theme1/bg.png",
      "profile_background_image_url_https": "https://abs.twimg.com/images/themes/theme1/bg.png",
      "profile_background_tile": false,
      "profile_image_url": "http://pbs.twimg.com/profile_images/584443418819960832/SmPMpbY5_normal.jpg",
      "profile_image_url_https": "https://pbs.twimg.com/profile_images/584443418819960832/SmPMpbY5_normal.jpg",
      "profile_link_color": "0084B4",
      "profile_sidebar_border_color": "C0DEED",
      "profile_sidebar_fill_color": "DDEEF6",
      "profile_text_color": "333333",
      "profile_use_background_image": true,
      "default_profile": true,
      "default_profile_image": false,
      "following": false,
      "follow_request_sent": false,
      "notifications": false
    },
    "geo": null,
    "coordinates": null,
    "place": null,
    "contributors": null,
    "retweet_count": 0,
    "favorite_count": 0,
    "entities": {
      "hashtags": [],
      "symbols": [],
      "user_mentions": [
        {
          "screen_name": "hello",
          "name": "Hello",
          "id": 26615742,
          "id_str": "26615742",
          "indices": [
            0,
            6
          ]
        }
      ],
      "urls": []
    },
    "favorited": false,
    "retweeted": false,
    "lang": "und"
  },
  {
    "metadata": {
      "iso_language_code": "en",
      "result_type": "recent"
    },
    "created_at": "Wed Apr 08 17:06:10 +0000 2015",
    "id": 585851136105549800,
    "id_str": "585851136105549825",
    "text": "I wonder if my Sense by @hello will ever ship.",
    "source": "<a href=\"https://about.twitter.com/products/tweetdeck\" rel=\"nofollow\">TweetDeck</a>",
    "truncated": false,
    "in_reply_to_status_id": null,
    "in_reply_to_status_id_str": null,
    "in_reply_to_user_id": null,
    "in_reply_to_user_id_str": null,
    "in_reply_to_screen_name": null,
    "user": {
      "id": 19393571,
      "id_str": "19393571",
      "name": "Taylor Black",
      "screen_name": "pourbrew",
      "location": "Seattle, WA",
      "profile_location": null,
      "description": "senior consultant @MatisiaSEA. web developer/business development. enjoys rabbit holes, both etymological and #138BPM. coffee & local beer-fueled trail runner.",
      "url": "http://t.co/Ej8yBNv3yx",
      "entities": {
        "url": {
          "urls": [
            {
              "url": "http://t.co/Ej8yBNv3yx",
              "expanded_url": "http://pourbrew.co",
              "display_url": "pourbrew.co",
              "indices": [
                0,
                22
              ]
            }
          ]
        },
        "description": {
          "urls": []
        }
      },
      "protected": false,
      "followers_count": 1367,
      "friends_count": 1958,
      "listed_count": 78,
      "created_at": "Fri Jan 23 13:23:19 +0000 2009",
      "favourites_count": 3697,
      "utc_offset": -25200,
      "time_zone": "Pacific Time (US & Canada)",
      "geo_enabled": true,
      "verified": false,
      "statuses_count": 27901,
      "lang": "en",
      "contributors_enabled": false,
      "is_translator": false,
      "is_translation_enabled": false,
      "profile_background_color": "FFFFFF",
      "profile_background_image_url": "http://pbs.twimg.com/profile_background_images/378800000002776678/de29dba9055880ebad15aaf77adc32cd.jpeg",
      "profile_background_image_url_https": "https://pbs.twimg.com/profile_background_images/378800000002776678/de29dba9055880ebad15aaf77adc32cd.jpeg",
      "profile_background_tile": false,
      "profile_image_url": "http://pbs.twimg.com/profile_images/378800000107933363/85bda68dc6a39cd4e3d7593411f6454f_normal.png",
      "profile_image_url_https": "https://pbs.twimg.com/profile_images/378800000107933363/85bda68dc6a39cd4e3d7593411f6454f_normal.png",
      "profile_banner_url": "https://pbs.twimg.com/profile_banners/19393571/1413468801",
      "profile_link_color": "EC8641",
      "profile_sidebar_border_color": "000000",
      "profile_sidebar_fill_color": "000000",
      "profile_text_color": "000000",
      "profile_use_background_image": true,
      "default_profile": false,
      "default_profile_image": false,
      "following": false,
      "follow_request_sent": false,
      "notifications": false
    },
    "geo": null,
    "coordinates": null,
    "place": null,
    "contributors": null,
    "retweet_count": 0,
    "favorite_count": 1,
    "entities": {
      "hashtags": [],
      "symbols": [],
      "user_mentions": [
        {
          "screen_name": "hello",
          "name": "Hello",
          "id": 26615742,
          "id_str": "26615742",
          "indices": [
            24,
            30
          ]
        }
      ],
      "urls": []
    },
    "favorited": false,
    "retweeted": false,
    "lang": "en"
  },
  {
    "metadata": {
      "iso_language_code": "und",
      "result_type": "recent"
    },
    "created_at": "Wed Apr 08 16:58:45 +0000 2015",
    "id": 585849272349917200,
    "id_str": "585849272349917184",
    "text": "@hello",
    "source": "<a href=\"http://blackberry.com/twitter\" rel=\"nofollow\">Twitter for BlackBerry®</a>",
    "truncated": false,
    "in_reply_to_status_id": null,
    "in_reply_to_status_id_str": null,
    "in_reply_to_user_id": 26615742,
    "in_reply_to_user_id_str": "26615742",
    "in_reply_to_screen_name": "hello",
    "user": {
      "id": 3007268608,
      "id_str": "3007268608",
      "name": "Sphysawnkocy",
      "screen_name": "sphysawnkocy",
      "location": "",
      "profile_location": null,
      "description": "",
      "url": null,
      "entities": {
        "description": {
          "urls": []
        }
      },
      "protected": false,
      "followers_count": 4,
      "friends_count": 19,
      "listed_count": 0,
      "created_at": "Sat Jan 31 07:51:01 +0000 2015",
      "favourites_count": 3,
      "utc_offset": null,
      "time_zone": null,
      "geo_enabled": true,
      "verified": false,
      "statuses_count": 9,
      "lang": "en",
      "contributors_enabled": false,
      "is_translator": false,
      "is_translation_enabled": false,
      "profile_background_color": "C0DEED",
      "profile_background_image_url": "http://abs.twimg.com/images/themes/theme1/bg.png",
      "profile_background_image_url_https": "https://abs.twimg.com/images/themes/theme1/bg.png",
      "profile_background_tile": false,
      "profile_image_url": "http://pbs.twimg.com/profile_images/562463226571808768/GnFufDqW_normal.jpeg",
      "profile_image_url_https": "https://pbs.twimg.com/profile_images/562463226571808768/GnFufDqW_normal.jpeg",
      "profile_link_color": "0084B4",
      "profile_sidebar_border_color": "C0DEED",
      "profile_sidebar_fill_color": "DDEEF6",
      "profile_text_color": "333333",
      "profile_use_background_image": true,
      "default_profile": true,
      "default_profile_image": false,
      "following": false,
      "follow_request_sent": false,
      "notifications": false
    },
    "geo": {
      "type": "Point",
      "coordinates": [
        -29.96892,
        30.88377
      ]
    },
    "coordinates": {
      "type": "Point",
      "coordinates": [
        30.88377,
        -29.96892
      ]
    },
    "place": {
      "id": "3c3927904eaceaa2",
      "url": "https://api.twitter.com/1.1/geo/id/3c3927904eaceaa2.json",
      "place_type": "city",
      "name": "Umlazi",
      "full_name": "Umlazi, South Africa",
      "country_code": "ZA",
      "country": "South Africa",
      "contained_within": [],
      "bounding_box": {
        "type": "Polygon",
        "coordinates": [
          [
            [
              30.8259955,
              -30.0121548
            ],
            [
              30.9453829,
              -30.0121548
            ],
            [
              30.9453829,
              -29.9306007
            ],
            [
              30.8259955,
              -29.9306007
            ]
          ]
        ]
      },
      "attributes": {}
    },
    "contributors": null,
    "retweet_count": 0,
    "favorite_count": 0,
    "entities": {
      "hashtags": [],
      "symbols": [],
      "user_mentions": [
        {
          "screen_name": "hello",
          "name": "Hello",
          "id": 26615742,
          "id_str": "26615742",
          "indices": [
            0,
            6
          ]
        }
      ],
      "urls": []
    },
    "favorited": false,
    "retweeted": false,
    "lang": "und"
  },
  {
    "metadata": {
      "result_type": "recent",
      "iso_language_code": "ru"
    },
    "created_at": "Wed Apr 08 15:16:18 +0000 2015",
    "id": 585823488537186300,
    "id_str": "585823488537186304",
    "text": "Магвай: итоги 2014 года via @hello http://t.co/P2EuTAhDGw #жизньстудии #2014 http://t.co/oAJDVSoqaQ",
    "source": "<a href=\"http://zootrock.com\" rel=\"nofollow\">ZootRock</a>",
    "truncated": false,
    "in_reply_to_status_id": null,
    "in_reply_to_status_id_str": null,
    "in_reply_to_user_id": null,
    "in_reply_to_user_id_str": null,
    "in_reply_to_screen_name": null,
    "user": {
      "id": 2900552273,
      "id_str": "2900552273",
      "name": "Sergey",
      "screen_name": "ZootRocker",
      "location": "",
      "profile_location": null,
      "description": "",
      "url": null,
      "entities": {
        "description": {
          "urls": []
        }
      },
      "protected": false,
      "followers_count": 0,
      "friends_count": 1,
      "listed_count": 0,
      "created_at": "Mon Dec 01 13:23:39 +0000 2014",
      "favourites_count": 0,
      "utc_offset": null,
      "time_zone": null,
      "geo_enabled": false,
      "verified": false,
      "statuses_count": 209,
      "lang": "en",
      "contributors_enabled": false,
      "is_translator": false,
      "is_translation_enabled": false,
      "profile_background_color": "C0DEED",
      "profile_background_image_url": "http://abs.twimg.com/images/themes/theme1/bg.png",
      "profile_background_image_url_https": "https://abs.twimg.com/images/themes/theme1/bg.png",
      "profile_background_tile": false,
      "profile_image_url": "http://abs.twimg.com/sticky/default_profile_images/default_profile_3_normal.png",
      "profile_image_url_https": "https://abs.twimg.com/sticky/default_profile_images/default_profile_3_normal.png",
      "profile_link_color": "0084B4",
      "profile_sidebar_border_color": "C0DEED",
      "profile_sidebar_fill_color": "DDEEF6",
      "profile_text_color": "333333",
      "profile_use_background_image": true,
      "default_profile": true,
      "default_profile_image": true,
      "following": false,
      "follow_request_sent": false,
      "notifications": false
    },
    "geo": null,
    "coordinates": null,
    "place": null,
    "contributors": null,
    "retweet_count": 0,
    "favorite_count": 0,
    "entities": {
      "hashtags": [
        {
          "text": "жизньстудии",
          "indices": [
            58,
            70
          ]
        }
      ],
      "symbols": [],
      "user_mentions": [
        {
          "screen_name": "hello",
          "name": "Hello",
          "id": 26615742,
          "id_str": "26615742",
          "indices": [
            28,
            34
          ]
        }
      ],
      "urls": [
        {
          "url": "http://t.co/P2EuTAhDGw",
          "expanded_url": "http://d.zoot.li/akcu",
          "display_url": "d.zoot.li/akcu",
          "indices": [
            35,
            57
          ]
        }
      ],
      "media": [
        {
          "id": 585823486662352900,
          "id_str": "585823486662352896",
          "indices": [
            77,
            99
          ],
          "media_url": "http://pbs.twimg.com/media/CCFDW3eXIAAeNoN.jpg",
          "media_url_https": "https://pbs.twimg.com/media/CCFDW3eXIAAeNoN.jpg",
          "url": "http://t.co/oAJDVSoqaQ",
          "display_url": "pic.twitter.com/oAJDVSoqaQ",
          "expanded_url": "http://twitter.com/ZootRocker/status/585823488537186304/photo/1",
          "type": "photo",
          "sizes": {
            "medium": {
              "w": 600,
              "h": 399,
              "resize": "fit"
            },
            "small": {
              "w": 340,
              "h": 226,
              "resize": "fit"
            },
            "thumb": {
              "w": 150,
              "h": 150,
              "resize": "crop"
            },
            "large": {
              "w": 800,
              "h": 532,
              "resize": "fit"
            }
          }
        }
      ]
    },
    "favorited": false,
    "retweeted": false,
    "possibly_sensitive": false,
    "lang": "ru"
  },
  {
    "metadata": {
      "iso_language_code": "en",
      "result_type": "recent"
    },
    "created_at": "Wed Apr 08 13:51:13 +0000 2015",
    "id": 585802076527165400,
    "id_str": "585802076527165440",
    "text": "@Nonilijane @hello,how are you?",
    "source": "<a href=\"http://twitter.com/download/android\" rel=\"nofollow\">Twitter for Android</a>",
    "truncated": false,
    "in_reply_to_status_id": null,
    "in_reply_to_status_id_str": null,
    "in_reply_to_user_id": 2277158338,
    "in_reply_to_user_id_str": "2277158338",
    "in_reply_to_screen_name": "Nonilijane",
    "user": {
      "id": 2440611988,
      "id_str": "2440611988",
      "name": "Chineduall",
      "screen_name": "Chineduall",
      "location": "",
      "profile_location": null,
      "description": "Only a step make it different.....  @#TEAMSWAG & #TeamTrans1110\r\n#TeamFollowBack #teamSexyBrain\r\n#TeamRT2EAT",
      "url": null,
      "entities": {
        "description": {
          "urls": []
        }
      },
      "protected": false,
      "followers_count": 351,
      "friends_count": 757,
      "listed_count": 1,
      "created_at": "Thu Mar 27 20:11:39 +0000 2014",
      "favourites_count": 439,
      "utc_offset": null,
      "time_zone": null,
      "geo_enabled": true,
      "verified": false,
      "statuses_count": 1184,
      "lang": "en",
      "contributors_enabled": false,
      "is_translator": false,
      "is_translation_enabled": false,
      "profile_background_color": "C0DEED",
      "profile_background_image_url": "http://abs.twimg.com/images/themes/theme1/bg.png",
      "profile_background_image_url_https": "https://abs.twimg.com/images/themes/theme1/bg.png",
      "profile_background_tile": false,
      "profile_image_url": "http://pbs.twimg.com/profile_images/528878988190842880/MHCpF1BW_normal.jpeg",
      "profile_image_url_https": "https://pbs.twimg.com/profile_images/528878988190842880/MHCpF1BW_normal.jpeg",
      "profile_banner_url": "https://pbs.twimg.com/profile_banners/2440611988/1424816033",
      "profile_link_color": "0084B4",
      "profile_sidebar_border_color": "C0DEED",
      "profile_sidebar_fill_color": "DDEEF6",
      "profile_text_color": "333333",
      "profile_use_background_image": true,
      "default_profile": true,
      "default_profile_image": false,
      "following": false,
      "follow_request_sent": false,
      "notifications": false
    },
    "geo": null,
    "coordinates": null,
    "place": null,
    "contributors": null,
    "retweet_count": 0,
    "favorite_count": 0,
    "entities": {
      "hashtags": [],
      "symbols": [],
      "user_mentions": [
        {
          "screen_name": "Nonilijane",
          "name": "JenniFA",
          "id": 2277158338,
          "id_str": "2277158338",
          "indices": [
            0,
            11
          ]
        },
        {
          "screen_name": "hello",
          "name": "Hello",
          "id": 26615742,
          "id_str": "26615742",
          "indices": [
            12,
            18
          ]
        }
      ],
      "urls": []
    },
    "favorited": false,
    "retweeted": false,
    "lang": "en"
  },
  {
    "metadata": {
      "iso_language_code": "und",
      "result_type": "recent"
    },
    "created_at": "Wed Apr 08 13:06:23 +0000 2015",
    "id": 585790794755211300,
    "id_str": "585790794755211264",
    "text": "@RoshniTalrani @hello",
    "source": "<a href=\"http://twitter.com/download/android\" rel=\"nofollow\">Twitter for Android</a>",
    "truncated": false,
    "in_reply_to_status_id": 585790683694305300,
    "in_reply_to_status_id_str": "585790683694305281",
    "in_reply_to_user_id": 3144634398,
    "in_reply_to_user_id_str": "3144634398",
    "in_reply_to_screen_name": "RoshniTalrani",
    "user": {
      "id": 1328059898,
      "id_str": "1328059898",
      "name": "om",
      "screen_name": "umeshom27",
      "location": "bilaspur",
      "profile_location": null,
      "description": "Doctor,,twisted,,funny,,biker,,artist itne mai itna hi milta hai",
      "url": null,
      "entities": {
        "description": {
          "urls": []
        }
      },
      "protected": false,
      "followers_count": 18,
      "friends_count": 213,
      "listed_count": 0,
      "created_at": "Fri Apr 05 00:12:05 +0000 2013",
      "favourites_count": 22,
      "utc_offset": null,
      "time_zone": null,
      "geo_enabled": true,
      "verified": false,
      "statuses_count": 25,
      "lang": "en",
      "contributors_enabled": false,
      "is_translator": false,
      "is_translation_enabled": false,
      "profile_background_color": "C0DEED",
      "profile_background_image_url": "http://abs.twimg.com/images/themes/theme1/bg.png",
      "profile_background_image_url_https": "https://abs.twimg.com/images/themes/theme1/bg.png",
      "profile_background_tile": false,
      "profile_image_url": "http://pbs.twimg.com/profile_images/575715272545337344/dU0G_-mf_normal.jpeg",
      "profile_image_url_https": "https://pbs.twimg.com/profile_images/575715272545337344/dU0G_-mf_normal.jpeg",
      "profile_banner_url": "https://pbs.twimg.com/profile_banners/1328059898/1365121808",
      "profile_link_color": "0084B4",
      "profile_sidebar_border_color": "C0DEED",
      "profile_sidebar_fill_color": "DDEEF6",
      "profile_text_color": "333333",
      "profile_use_background_image": true,
      "default_profile": true,
      "default_profile_image": false,
      "following": false,
      "follow_request_sent": false,
      "notifications": false
    },
    "geo": null,
    "coordinates": null,
    "place": null,
    "contributors": null,
    "retweet_count": 0,
    "favorite_count": 0,
    "entities": {
      "hashtags": [],
      "symbols": [],
      "user_mentions": [
        {
          "screen_name": "RoshniTalrani",
          "name": "roshni talrani",
          "id": 3144634398,
          "id_str": "3144634398",
          "indices": [
            0,
            14
          ]
        },
        {
          "screen_name": "hello",
          "name": "Hello",
          "id": 26615742,
          "id_str": "26615742",
          "indices": [
            15,
            21
          ]
        }
      ],
      "urls": []
    },
    "favorited": false,
    "retweeted": false,
    "lang": "und"
  },
  {
    "metadata": {
      "iso_language_code": "en",
      "result_type": "recent"
    },
    "created_at": "Wed Apr 08 12:49:50 +0000 2015",
    "id": 585786630792843300,
    "id_str": "585786630792843265",
    "text": "@Hello! I'm Park JungHwa! Nice meeting you, let's get along well. 😁💙",
    "source": "<a href=\"http://twitter.com/#!/download/ipad\" rel=\"nofollow\">Twitter for iPad</a>",
    "truncated": false,
    "in_reply_to_status_id": null,
    "in_reply_to_status_id_str": null,
    "in_reply_to_user_id": 26615742,
    "in_reply_to_user_id_str": "26615742",
    "in_reply_to_screen_name": "hello",
    "user": {
      "id": 2795967672,
      "id_str": "2795967672",
      "name": "Park JungHwa",
      "screen_name": "prk_jnghwaxfel",
      "location": "",
      "profile_location": null,
      "description": "",
      "url": null,
      "entities": {
        "description": {
          "urls": []
        }
      },
      "protected": false,
      "followers_count": 12,
      "friends_count": 42,
      "listed_count": 0,
      "created_at": "Sun Sep 07 14:11:07 +0000 2014",
      "favourites_count": 7,
      "utc_offset": 28800,
      "time_zone": "Kuala Lumpur",
      "geo_enabled": false,
      "verified": false,
      "statuses_count": 42,
      "lang": "en",
      "contributors_enabled": false,
      "is_translator": false,
      "is_translation_enabled": false,
      "profile_background_color": "9266CC",
      "profile_background_image_url": "http://pbs.twimg.com/profile_background_images/585848445996400640/NfczOofP.jpg",
      "profile_background_image_url_https": "https://pbs.twimg.com/profile_background_images/585848445996400640/NfczOofP.jpg",
      "profile_background_tile": true,
      "profile_image_url": "http://pbs.twimg.com/profile_images/585492598304989185/2WRzPCHZ_normal.jpg",
      "profile_image_url_https": "https://pbs.twimg.com/profile_images/585492598304989185/2WRzPCHZ_normal.jpg",
      "profile_banner_url": "https://pbs.twimg.com/profile_banners/2795967672/1428427368",
      "profile_link_color": "FFCC4D",
      "profile_sidebar_border_color": "FFFFFF",
      "profile_sidebar_fill_color": "DDEEF6",
      "profile_text_color": "333333",
      "profile_use_background_image": true,
      "default_profile": false,
      "default_profile_image": false,
      "following": false,
      "follow_request_sent": false,
      "notifications": false
    },
    "geo": null,
    "coordinates": null,
    "place": null,
    "contributors": null,
    "retweet_count": 0,
    "favorite_count": 0,
    "entities": {
      "hashtags": [],
      "symbols": [],
      "user_mentions": [
        {
          "screen_name": "hello",
          "name": "Hello",
          "id": 26615742,
          "id_str": "26615742",
          "indices": [
            0,
            6
          ]
        }
      ],
      "urls": []
    },
    "favorited": false,
    "retweeted": false,
    "lang": "en"
  },
  {
    "metadata": {
      "iso_language_code": "und",
      "result_type": "recent"
    },
    "created_at": "Wed Apr 08 12:39:40 +0000 2015",
    "id": 585784071638384600,
    "id_str": "585784071638384640",
    "text": "@hello",
    "source": "<a href=\"http://blackberry.com/twitter\" rel=\"nofollow\">Twitter for BlackBerry®</a>",
    "truncated": false,
    "in_reply_to_status_id": null,
    "in_reply_to_status_id_str": null,
    "in_reply_to_user_id": 26615742,
    "in_reply_to_user_id_str": "26615742",
    "in_reply_to_screen_name": "hello",
    "user": {
      "id": 3131672457,
      "id_str": "3131672457",
      "name": "maxwell lucky",
      "screen_name": "maxwell_25381",
      "location": "",
      "profile_location": null,
      "description": "",
      "url": null,
      "entities": {
        "description": {
          "urls": []
        }
      },
      "protected": false,
      "followers_count": 11,
      "friends_count": 11,
      "listed_count": 0,
      "created_at": "Fri Apr 03 21:31:29 +0000 2015",
      "favourites_count": 0,
      "utc_offset": null,
      "time_zone": null,
      "geo_enabled": false,
      "verified": false,
      "statuses_count": 9,
      "lang": "en",
      "contributors_enabled": false,
      "is_translator": false,
      "is_translation_enabled": false,
      "profile_background_color": "C0DEED",
      "profile_background_image_url": "http://abs.twimg.com/images/themes/theme1/bg.png",
      "profile_background_image_url_https": "https://abs.twimg.com/images/themes/theme1/bg.png",
      "profile_background_tile": false,
      "profile_image_url": "http://pbs.twimg.com/profile_images/584292161455284224/NvZ7Bx6i_normal.jpg",
      "profile_image_url_https": "https://pbs.twimg.com/profile_images/584292161455284224/NvZ7Bx6i_normal.jpg",
      "profile_banner_url": "https://pbs.twimg.com/profile_banners/3131672457/1428141077",
      "profile_link_color": "0084B4",
      "profile_sidebar_border_color": "C0DEED",
      "profile_sidebar_fill_color": "DDEEF6",
      "profile_text_color": "333333",
      "profile_use_background_image": true,
      "default_profile": true,
      "default_profile_image": false,
      "following": false,
      "follow_request_sent": false,
      "notifications": false
    },
    "geo": null,
    "coordinates": null,
    "place": null,
    "contributors": null,
    "retweet_count": 0,
    "favorite_count": 0,
    "entities": {
      "hashtags": [],
      "symbols": [],
      "user_mentions": [
        {
          "screen_name": "hello",
          "name": "Hello",
          "id": 26615742,
          "id_str": "26615742",
          "indices": [
            0,
            6
          ]
        }
      ],
      "urls": []
    },
    "favorited": false,
    "retweeted": false,
    "lang": "und"
  },
  {
    "metadata": {
      "iso_language_code": "en",
      "result_type": "recent"
    },
    "created_at": "Wed Apr 08 11:04:31 +0000 2015",
    "id": 585760127594016800,
    "id_str": "585760127594016768",
    "text": "@hello dears howz u",
    "source": "<a href=\"http://twitter.com\" rel=\"nofollow\">Twitter Web Client</a>",
    "truncated": false,
    "in_reply_to_status_id": null,
    "in_reply_to_status_id_str": null,
    "in_reply_to_user_id": 26615742,
    "in_reply_to_user_id_str": "26615742",
    "in_reply_to_screen_name": "hello",
    "user": {
      "id": 2989732996,
      "id_str": "2989732996",
      "name": "Rajdeep ahluwalia",
      "screen_name": "ahluwaliaraju",
      "location": "",
      "profile_location": null,
      "description": "",
      "url": null,
      "entities": {
        "description": {
          "urls": []
        }
      },
      "protected": false,
      "followers_count": 6,
      "friends_count": 57,
      "listed_count": 0,
      "created_at": "Wed Jan 21 12:11:32 +0000 2015",
      "favourites_count": 0,
      "utc_offset": null,
      "time_zone": null,
      "geo_enabled": false,
      "verified": false,
      "statuses_count": 3,
      "lang": "en",
      "contributors_enabled": false,
      "is_translator": false,
      "is_translation_enabled": false,
      "profile_background_color": "C0DEED",
      "profile_background_image_url": "http://abs.twimg.com/images/themes/theme1/bg.png",
      "profile_background_image_url_https": "https://abs.twimg.com/images/themes/theme1/bg.png",
      "profile_background_tile": false,
      "profile_image_url": "http://pbs.twimg.com/profile_images/557873704147771392/mrNkAm7__normal.jpeg",
      "profile_image_url_https": "https://pbs.twimg.com/profile_images/557873704147771392/mrNkAm7__normal.jpeg",
      "profile_link_color": "0084B4",
      "profile_sidebar_border_color": "C0DEED",
      "profile_sidebar_fill_color": "DDEEF6",
      "profile_text_color": "333333",
      "profile_use_background_image": true,
      "default_profile": true,
      "default_profile_image": false,
      "following": false,
      "follow_request_sent": false,
      "notifications": false
    },
    "geo": null,
    "coordinates": null,
    "place": null,
    "contributors": null,
    "retweet_count": 0,
    "favorite_count": 0,
    "entities": {
      "hashtags": [],
      "symbols": [],
      "user_mentions": [
        {
          "screen_name": "hello",
          "name": "Hello",
          "id": 26615742,
          "id_str": "26615742",
          "indices": [
            0,
            6
          ]
        }
      ],
      "urls": []
    },
    "favorited": false,
    "retweeted": false,
    "lang": "en"
  },
  {
    "metadata": {
      "iso_language_code": "in",
      "result_type": "recent"
    },
    "created_at": "Wed Apr 08 09:57:24 +0000 2015",
    "id": 585743235643023400,
    "id_str": "585743235643023360",
    "text": "@9716105280 @hello pooja ji",
    "source": "<a href=\"https://mobile.twitter.com\" rel=\"nofollow\">Mobile Web (M2)</a>",
    "truncated": false,
    "in_reply_to_status_id": 399614513474830340,
    "in_reply_to_status_id_str": "399614513474830336",
    "in_reply_to_user_id": 1505091360,
    "in_reply_to_user_id_str": "1505091360",
    "in_reply_to_screen_name": "9716105280",
    "user": {
      "id": 3018430054,
      "id_str": "3018430054",
      "name": "sunil upadhayay",
      "screen_name": "upadhayay149",
      "location": "",
      "profile_location": null,
      "description": "",
      "url": null,
      "entities": {
        "description": {
          "urls": []
        }
      },
      "protected": false,
      "followers_count": 1,
      "friends_count": 19,
      "listed_count": 0,
      "created_at": "Wed Feb 04 19:06:55 +0000 2015",
      "favourites_count": 3,
      "utc_offset": null,
      "time_zone": null,
      "geo_enabled": false,
      "verified": false,
      "statuses_count": 45,
      "lang": "en",
      "contributors_enabled": false,
      "is_translator": false,
      "is_translation_enabled": false,
      "profile_background_color": "C0DEED",
      "profile_background_image_url": "http://abs.twimg.com/images/themes/theme1/bg.png",
      "profile_background_image_url_https": "https://abs.twimg.com/images/themes/theme1/bg.png",
      "profile_background_tile": false,
      "profile_image_url": "http://abs.twimg.com/sticky/default_profile_images/default_profile_3_normal.png",
      "profile_image_url_https": "https://abs.twimg.com/sticky/default_profile_images/default_profile_3_normal.png",
      "profile_link_color": "0084B4",
      "profile_sidebar_border_color": "C0DEED",
      "profile_sidebar_fill_color": "DDEEF6",
      "profile_text_color": "333333",
      "profile_use_background_image": true,
      "default_profile": true,
      "default_profile_image": true,
      "following": false,
      "follow_request_sent": false,
      "notifications": false
    },
    "geo": null,
    "coordinates": null,
    "place": null,
    "contributors": null,
    "retweet_count": 1,
    "favorite_count": 1,
    "entities": {
      "hashtags": [],
      "symbols": [],
      "user_mentions": [
        {
          "screen_name": "9716105280",
          "name": "Pooja upadhyay",
          "id": 1505091360,
          "id_str": "1505091360",
          "indices": [
            0,
            11
          ]
        },
        {
          "screen_name": "hello",
          "name": "Hello",
          "id": 26615742,
          "id_str": "26615742",
          "indices": [
            12,
            18
          ]
        }
      ],
      "urls": []
    },
    "favorited": false,
    "retweeted": false,
    "lang": "in"
  },
  {
    "metadata": {
      "iso_language_code": "en",
      "result_type": "recent"
    },
    "created_at": "Wed Apr 08 09:49:04 +0000 2015",
    "id": 585741136196608000,
    "id_str": "585741136196608000",
    "text": "#product @hello Thanks so much for your article and suggestions! My husband and I built our house and have tried to d http://t.co/8ZGs8u76J1",
    "source": "<a href=\"http://127.0.0.1:5075/\" rel=\"nofollow\">Holonis Local 5075</a>",
    "truncated": false,
    "in_reply_to_status_id": null,
    "in_reply_to_status_id_str": null,
    "in_reply_to_user_id": null,
    "in_reply_to_user_id_str": null,
    "in_reply_to_screen_name": null,
    "user": {
      "id": 1208061716,
      "id_str": "1208061716",
      "name": "sdhs",
      "screen_name": "sdhsrebuild",
      "location": "",
      "profile_location": null,
      "description": "",
      "url": null,
      "entities": {
        "description": {
          "urls": []
        }
      },
      "protected": false,
      "followers_count": 6,
      "friends_count": 28,
      "listed_count": 0,
      "created_at": "Fri Feb 22 11:46:13 +0000 2013",
      "favourites_count": 14,
      "utc_offset": 19800,
      "time_zone": "Chennai",
      "geo_enabled": false,
      "verified": false,
      "statuses_count": 23,
      "lang": "en",
      "contributors_enabled": false,
      "is_translator": false,
      "is_translation_enabled": false,
      "profile_background_color": "C0DEED",
      "profile_background_image_url": "http://abs.twimg.com/images/themes/theme1/bg.png",
      "profile_background_image_url_https": "https://abs.twimg.com/images/themes/theme1/bg.png",
      "profile_background_tile": false,
      "profile_image_url": "http://pbs.twimg.com/profile_images/378800000038963998/f2c7bcafef5c25fb61a0b2b7f985f06e_normal.jpeg",
      "profile_image_url_https": "https://pbs.twimg.com/profile_images/378800000038963998/f2c7bcafef5c25fb61a0b2b7f985f06e_normal.jpeg",
      "profile_link_color": "0084B4",
      "profile_sidebar_border_color": "C0DEED",
      "profile_sidebar_fill_color": "DDEEF6",
      "profile_text_color": "333333",
      "profile_use_background_image": true,
      "default_profile": true,
      "default_profile_image": false,
      "following": false,
      "follow_request_sent": false,
      "notifications": false
    },
    "geo": null,
    "coordinates": null,
    "place": null,
    "contributors": null,
    "retweet_count": 0,
    "favorite_count": 0,
    "entities": {
      "hashtags": [
        {
          "text": "product",
          "indices": [
            0,
            8
          ]
        }
      ],
      "symbols": [],
      "user_mentions": [
        {
          "screen_name": "hello",
          "name": "Hello",
          "id": 26615742,
          "id_str": "26615742",
          "indices": [
            9,
            15
          ]
        }
      ],
      "urls": [
        {
          "url": "http://t.co/8ZGs8u76J1",
          "expanded_url": "http://bit.ly/1jaz8sc",
          "display_url": "bit.ly/1jaz8sc",
          "indices": [
            118,
            140
          ]
        }
      ]
    },
    "favorited": false,
    "retweeted": false,
    "possibly_sensitive": false,
    "lang": "en"
  }
]
